time,temp
0.057,25
0.057,25
0.111,25
0.111,25
0.111,25
0.171,25
0.171,25
0.226,25
0.226,25
0.282,25
0.282,25
0.282,25
0.338,25
0.338,25
0.392,25
0.392,25
0.447,25
0.447,25
0.447,25
0.501,25
0.501,25
0.558,25
0.558,25
0.612,25
0.612,25
0.615,25
0.668,25
0.668,25
0.724,25
0.724,25
0.778,25
0.778,25
0.833,25
0.833,25
0.833,25
0.891,25
0.891,25
0.945,25
0.945,25
0.999,25
0.999,25
1.056,25
1.056,25
1.056,25
1.112,25
1.112,25
1.166,25
1.166,25
1.223,25
1.223,25
1.223,25
1.278,25
1.278,25
1.333,25
1.333,25
1.39,25
1.39,25
1.39,25
1.444,25
1.444,25
1.498,25
1.498,25
1.553,25
1.553,25
1.607,25
1.607,25
1.607,25
1.66,25
1.66,25
1.714,25
1.714,25
1.77,25
1.77,25
1.772,25
1.826,25
1.826,25
1.881,25
1.881,25
1.938,25
1.938,25
1.94,25
1.994,25
1.994,25
2.048,25
2.048,25
2.105,25
2.105,25
2.165,25
2.165,25
2.165,25
2.219,25
2.219,25
2.272,25
2.272,25
2.326,25
2.326,25
2.326,25
2.381,25
2.381,25
2.436,25
2.436,25
2.491,25
2.491,25
2.493,25
2.546,25
2.546,25
2.6,25
2.6,25
2.655,25
2.655,25
2.709,25
2.709,25
2.763,25
2.763,25
2.763,25
2.819,25
2.819,25
2.872,25
2.872,25
2.926,25
2.926,25
2.981,25
2.981,25
2.981,25
3.037,25
3.037,25
3.091,25
3.091,25
3.145,25
3.145,25
3.147,25
3.204,25
3.204,25
3.258,25
3.258,25
3.312,25
3.312,25
3.37,25
3.37,25
3.37,25
3.424,25
3.424,25
3.478,25
3.478,25
3.533,25
3.533,25
3.533,25
3.59,25
3.59,25
3.644,25
3.644,25
3.697,25
3.697,25
3.697,25
3.753,25
3.753,25
3.806,25
3.806,25
3.86,25
3.86,25
3.916,25
3.916,25
3.916,25
3.971,25
3.971,25
4.025,25
4.025,25
4.079,25
4.079,25
4.133,25
4.133,25
4.133,25
4.19,25
4.19,25
4.244,25
4.244,25
4.299,25
4.299,25
4.356,25
4.356,25
4.356,25
4.41,25
4.41,25
4.465,25
4.465,25
4.52,25
4.52,25
4.52,25
4.575,25
4.575,25
4.629,25
4.629,25
4.683,25
4.683,25
4.739,25
4.739,25
4.739,25
4.794,25
4.794,25
4.848,25
4.848,25
4.903,25
4.903,25
4.905,25
4.958,25
4.958,25
5.012,25
5.012,25
5.066,25
5.066,25
5.123,25
5.123,25
5.123,25
5.177,25
5.177,25
5.231,25
5.231,25
5.286,25
5.286,25
5.288,25
5.341,25
5.341,25
5.395,25
5.395,25
5.45,25
5.45,25
5.505,25
5.505,25
5.505,25
5.559,25
5.559,25
5.613,25
5.613,25
5.667,25
5.667,25
5.723,25
5.723,25
5.723,25
5.778,25
5.778,25
5.832,25
5.832,25
5.886,25
5.886,25
5.94,25
5.94,25
5.942,25
5.995,25
5.995,25
6.049,25
6.049,25
6.106,25
6.106,25
6.17,25
6.17,25
6.17,25
6.225,25
6.225,25
6.279,25
6.279,25
6.279,25
6.333,25
6.333,25
6.387,25
6.387,25
6.441,25
6.441,25
6.494,25
6.494,25
6.494,25
6.548,25
6.548,25
6.604,25
6.604,25
6.658,25
6.658,25
6.712,25
6.712,25
6.712,25
6.773,25
6.773,25
6.827,25
6.827,25
6.881,25
6.881,25
6.881,25
6.935,25
6.935,25
6.992,25
6.992,25
7.045,25
7.045,25
7.045,25
7.1,25
7.1,25
7.159,25
7.159,25
7.212,25
7.212,25
7.214,25
7.271,25
7.271,25
7.325,25
7.325,25
7.379,25
7.379,25
7.433,25
7.433,25
7.433,25
16.598,6
16.605,26
16.661,26
16.661,26
16.715,26
16.715,26
16.772,26
16.772,26
16.772,26
16.826,26
16.826,26
16.879,26
16.879,26
16.932,26
16.932,26
16.987,26
16.987,26
16.988,26
17.042,26
17.042,26
17.095,26
17.095,26
17.15,26
17.15,26
17.207,26
17.207,26
17.207,26
17.264,26
17.264,26
17.318,26
17.318,26
17.373,26
17.373,26
17.373,26
17.427,26
17.427,26
17.48,26
17.48,26
17.534,26
17.534,26
17.59,26
17.59,26
17.59,26
17.644,26
17.644,26
17.699,26
17.699,26
17.755,26
17.755,26
17.756,26
17.81,26
17.81,26
17.864,26
17.864,26
17.917,26
17.917,26
17.972,26
17.972,26
17.972,26
18.026,26
18.026,26
18.079,26
18.079,26
18.132,26
18.132,26
18.187,26
18.187,26
18.188,26
18.241,26
18.241,26
18.294,26
18.294,26
18.4,26
18.4,26
18.453,26
18.453,26
18.506,26
18.506,26
18.56,26
18.56,26
18.615,26
18.615,26
18.671,26
18.671,26
18.671,26
18.725,26
18.725,26
18.779,26
18.779,26
18.832,26
18.832,26
18.888,26
18.888,26
18.888,26
18.943,26
18.943,26
18.997,26
18.997,26
19.052,26
19.052,26
19.052,26
19.106,26
19.106,26
19.161,26
19.161,26
19.215,25
19.215,25
19.271,25
19.271,25
19.271,25
19.327,25
19.327,25
19.38,25
19.38,25
19.437,25
19.437,25
19.439,25
19.493,25
19.493,25
19.547,25
19.547,25
19.602,25
19.602,25
19.605,25
19.66,25
19.66,25
19.713,25
19.713,25
19.772,25
19.772,25
19.774,25
19.827,25
19.827,25
19.88,25
19.88,25
19.934,25
19.934,25
19.99,25
19.99,25
19.99,25
20.044,25
20.044,25
20.097,25
20.097,25
20.151,25
20.151,25
20.209,25
20.209,25
20.209,25
20.262,25
20.262,25
20.315,25
20.315,25
20.372,25
20.372,25
20.426,25
20.426,25
20.426,25
20.479,25
20.479,25
20.533,25
20.533,25
20.587,25
20.587,25
20.64,25
20.64,25
20.642,25
20.694,25
20.694,25
20.747,25
20.747,25
20.8,25
20.8,25
20.858,25
20.858,25
20.965,25
20.965,25
21.02,25
21.02,25
21.02,25
21.073,25
21.073,25
21.127,25
21.127,25
21.18,25
21.18,25
21.238,25
21.238,25
21.24,25
21.293,25
21.293,25
21.347,25
21.347,25
21.399,25
21.399,25
21.454,25
21.454,25
21.454,25
21.508,25
21.508,25
21.561,25
21.561,25
21.614,25
21.614,25
21.667,25
21.667,25
21.671,25
21.725,25
21.725,25
21.779,25
21.779,25
21.832,25
21.832,25
21.886,25
21.886,25
21.886,25
21.94,25
21.94,25
21.993,25
21.993,25
22.046,25
22.046,25
22.1,25
22.1,25
22.155,25
22.155,25
22.155,25
22.209,25
22.209,25
22.263,25
22.263,25
22.316,25
22.316,25
22.371,25
22.371,25
22.371,25
22.426,25
22.426,25
22.48,25
22.48,25
22.534,25
22.534,25
22.589,25
22.589,25
22.589,25
22.643,25
22.643,25
22.696,25
22.696,25
22.751,25
22.751,25
22.807,25
22.807,25
22.807,25
22.861,25
22.861,25
22.915,25
22.915,25
22.972,25
22.972,25
22.972,25
23.026,25
23.026,25
23.08,25
23.08,25
23.134,25
23.134,25
23.191,25
23.191,25
23.191,25
23.244,25
23.244,25
23.298,25
23.298,25
23.352,25
23.352,25
23.354,25
23.408,25
23.408,25
23.461,25
23.461,25
23.515,25
23.515,25
23.572,25
23.572,25
23.627,25
23.627,25
23.627,25
23.68,25
23.68,25
23.733,25
23.733,25
23.787,25
23.787,25
23.841,25
23.841,25
23.841,25
23.895,25
23.895,25
23.949,25
23.949,25
24.005,25
24.005,25
24.059,25
24.059,25
24.059,25
24.114,25
24.114,25
24.168,25
24.168,25
24.225,25
24.225,25
24.225,25
24.278,25
24.278,25
24.332,25
24.332,25
24.386,25
24.386,25
24.44,25
24.44,25
24.44,25
24.495,25
24.495,25
24.548,25
24.548,25
24.604,25
24.604,25
24.658,25
24.658,25
24.658,25
24.711,25
24.711,25
24.765,25
24.765,25
24.82,25
24.82,25
24.874,25
24.874,25
24.874,25
24.928,25
24.928,25
24.982,25
24.982,25
25.038,25
25.038,25
25.04,25
25.093,25
25.093,25
25.147,25
25.147,25
25.2,25
25.2,25
25.257,25
25.257,25
25.257,25
25.311,25
25.311,25
25.364,25
25.364,25
25.419,25
25.419,25
25.473,25
25.473,25
25.473,25
25.528,25
25.528,25
25.58,25
25.58,25
25.633,25
25.633,25
25.687,25
25.687,25
25.687,25
25.741,25
25.741,25
25.794,25
25.794,25
25.848,25
25.848,25
25.903,25
25.903,25
25.907,25
25.973,25
25.973,25
26.027,25
26.027,25
26.027,25
26.08,25
26.08,25
26.135,25
26.135,25
26.191,25
26.191,25
26.191,25
26.247,25
26.247,25
26.3,25
26.3,25
26.356,25
26.356,25
26.41,25
26.41,25
26.41,25
26.463,25
26.463,25
26.517,25
26.517,25
26.572,25
26.572,25
26.626,25
26.626,25
26.626,25
26.681,25
26.681,25
26.735,25
26.735,25
26.791,25
26.791,25
26.791,25
26.846,25
26.846,25
26.9,25
26.9,25
26.956,25
26.956,25
27.01,25
27.01,25
27.063,25
27.063,25
27.063,25
27.117,25
27.117,25
27.172,25
27.172,25
27.225,25
27.225,25
27.278,25
27.278,25
27.278,25
27.332,25
27.332,25
27.388,25
27.388,25
27.442,25
27.442,25
27.497,25
27.497,25
27.497,25
27.55,25
27.55,25
27.603,25
27.603,25
27.657,25
27.657,25
27.71,25
27.71,25
27.71,25
27.764,25
27.764,25
27.824,25
27.824,25
27.878,25
27.878,25
27.878,25
27.933,25
27.933,25
27.992,25
27.992,25
28.046,25
28.046,25
28.046,25
28.099,25
28.099,25
28.156,25
28.156,25
28.209,25
28.209,25
28.262,25
28.262,25
28.262,25
28.316,25
28.316,25
28.374,25
28.374,25
28.429,25
28.429,25
28.431,25
28.484,25
28.484,25
28.543,25
28.543,25
28.596,25
28.596,25
28.651,25
28.651,25
28.655,25
28.708,25
28.708,25
28.764,25
28.764,25
28.818,25
28.818,25
28.823,25
28.876,25
28.876,25
28.93,25
28.93,25
28.984,25
28.984,25
29.041,25
29.041,25
29.041,25
29.094,25
29.094,25
29.148,25
29.148,25
29.201,25
29.201,25
29.26,25
29.26,25
29.26,25
29.313,25
29.313,25
29.373,25
29.373,25
29.375,25
29.428,25
29.428,25
29.482,25
29.482,25
29.539,25
29.539,25
29.541,25
29.594,25
29.594,25
29.648,25
29.648,25
29.702,25
29.702,25
29.759,25
29.759,25
29.759,25
29.813,25
29.813,25
29.867,25
29.867,25
29.933,25
29.933,25
29.933,25
29.993,25
29.993,25
30.046,25
30.046,25
30.046,25
30.1,25
30.1,25
30.155,25
30.155,25
30.207,25
30.207,25
30.26,25
30.26,25
30.313,25
30.313,25
30.313,25
30.374,25
30.374,25
30.428,25
30.428,25
30.481,25
30.481,25
30.481,25
30.539,25
30.539,25
30.593,25
30.593,25
30.646,25
30.646,25
30.7,25
30.7,25
30.7,25
30.755,25
30.755,25
30.808,25
30.808,25
30.861,25
30.861,25
30.915,25
30.915,25
30.915,25
30.973,25
30.973,25
31.028,25
31.028,25
31.081,25
31.081,25
31.081,25
31.135,25
31.135,25
31.192,25
31.192,25
31.246,25
31.246,25
31.299,25
31.299,25
31.299,25
31.355,25
31.355,25
31.408,25
31.408,25
31.462,25
31.462,25
31.516,25
31.516,25
31.516,25
31.574,25
31.574,25
31.629,25
31.629,25
31.683,25
31.683,25
31.683,25
31.739,25
31.739,25
31.793,25
31.793,25
31.847,25
31.847,25
31.901,25
31.901,25
31.96,25
31.96,25
31.96,25
32.014,25
32.014,25
32.066,25
32.066,25
32.121,25
32.121,25
32.121,25
32.174,25
32.174,25
32.227,25
32.227,25
32.281,25
32.281,25
32.334,25
32.334,25
32.34,25
32.393,25
32.393,25
32.446,25
32.446,25
32.499,25
32.499,25
32.555,25
32.555,25
32.555,25
32.61,25
32.61,25
32.662,25
32.662,25
32.715,25
32.715,25
32.774,25
32.774,25
32.774,25
32.828,25
32.828,25
32.883,25
32.883,25
32.94,25
32.94,25
32.94,25
32.995,25
32.995,25
33.048,25
33.048,25
33.103,25
33.103,25
33.108,25
33.174,25
33.174,25
33.176,25
33.23,25
33.23,25
33.283,25
33.283,25
33.342,25
33.342,25
33.344,25
33.411,25
33.411,25
33.467,25
33.467,25
33.473,25
33.528,25
33.528,25
33.581,25
33.581,25
33.634,25
33.634,25
33.688,25
33.688,25
33.688,25
33.741,25
33.741,25
33.795,25
33.795,25
33.848,25
33.848,25
33.903,25
33.903,25
33.903,25
33.962,25
33.962,25
34.016,25
34.016,25
34.07,25
34.07,25
34.07,25
34.129,25
34.129,25
34.184,25
34.184,25
34.241,25
34.241,25
34.241,25
34.295,25
34.295,25
34.348,25
34.348,25
34.407,25
34.407,25
34.409,25
34.461,25
34.461,25
34.514,25
34.514,25
34.576,25
34.576,25
34.577,25
34.641,25
34.641,25
34.695,25
34.695,25
34.695,25
34.749,25
34.749,25
34.803,25
34.803,25
34.862,25
34.862,25
34.862,25
34.915,25
34.915,25
34.974,25
34.974,25
35.028,25
35.028,25
35.03,25
35.083,25
35.083,25
35.141,25
35.141,25
35.195,25
35.195,25
35.248,25
35.248,25
35.302,25
35.302,25
35.302,25
35.361,25
35.361,25
35.415,25
35.415,25
35.469,25
35.469,25
35.469,25
35.526,25
35.526,25
35.581,25
35.581,25
35.635,25
35.635,25
35.641,25
35.694,25
35.694,25
35.747,25
35.747,25
35.801,25
35.801,25
35.855,25
35.855,25
35.855,25
35.909,25
35.909,25
35.968,25
35.968,25
36.027,25
36.027,25
36.027,25
36.08,25
36.08,25
36.134,25
36.134,25
36.189,25
36.189,25
36.189,25
36.243,25
36.243,25
36.297,25
36.297,25
36.351,25
36.351,25
36.408,25
36.408,25
36.408,25
36.463,25
36.463,25
36.518,25
36.518,25
36.574,25
36.574,25
36.574,25
36.629,25
36.629,25
36.682,25
36.682,25
36.74,25
36.74,25
36.742,25
36.795,25
36.795,25
36.849,25
36.849,25
36.907,25
36.907,25
36.961,25
36.961,25
36.962,25
37.017,25
37.017,25
37.07,25
37.07,25
37.127,25
37.127,25
37.181,25
37.181,25
37.181,25
37.234,25
37.234,25
37.287,25
37.287,25
37.341,25
37.341,25
37.395,25
37.395,25
37.395,25
37.449,25
37.449,25
37.502,25
37.502,25
37.56,25
37.56,25
37.562,25
37.615,25
37.615,25
37.668,25
37.668,25
37.728,25
37.728,25
37.73,25
37.783,25
37.783,25
37.839,25
37.839,25
37.893,25
37.893,25
37.947,25
37.947,25
37.947,25
38.002,25
38.002,25
38.06,25
38.06,25
38.114,25
38.114,25
38.114,25
38.173,25
38.173,25
38.227,25
38.227,25
38.282,25
38.282,25
38.282,25
38.337,25
38.337,25
38.394,25
38.394,25
38.448,25
38.448,25
38.502,25
38.502,25
38.507,25
38.566,25
38.566,25
38.621,25
38.621,25
38.674,25
38.674,25
38.674,25
38.728,25
38.728,25
38.781,25
38.781,25
38.836,25
38.836,25
38.891,25
38.891,25
38.891,25
38.945,25
38.945,25
38.998,25
38.998,25
39.052,25
39.052,25
39.108,25
39.108,25
39.108,25
39.168,25
39.168,25
39.225,25
39.225,25
39.225,25
39.28,25
39.28,25
39.333,25
39.333,25
39.387,25
39.387,25
39.441,25
39.441,25
39.441,25
39.495,25
39.495,25
39.55,25
39.55,25
39.607,25
39.607,25
39.609,25
39.663,25
39.663,25
39.718,25
39.718,25
39.774,25
39.774,25
39.776,25
39.829,25
39.829,25
39.883,25
39.883,25
39.939,25
39.939,25
39.992,25
39.992,25
39.992,25
40.047,25
40.047,25
40.101,25
40.101,25
40.173,25
40.173,25
40.175,25
40.228,25
40.228,25
40.282,25
40.282,25
40.34,25
40.34,25
40.34,25
40.394,25
40.394,25
40.45,25
40.45,25
40.507,25
40.507,25
40.507,25
40.573,25
40.573,25
40.576,25
40.631,25
40.631,25
40.684,25
40.684,25
40.74,25
40.74,25
40.742,25
40.796,25
40.796,25
40.85,25
40.85,25
40.907,25
40.907,25
40.96,25
40.96,25
40.96,25
41.014,25
41.014,25
41.068,25
41.068,25
41.126,25
41.126,25
41.126,25
41.18,25
41.18,25
41.233,25
41.233,25
41.287,25
41.287,25
41.341,25
41.341,25
41.343,25
41.397,25
41.397,25
41.451,25
41.451,25
41.514,25
41.514,25
41.514,25
41.569,25
41.569,25
41.627,25
41.627,25
41.68,25
41.68,25
41.68,25
41.735,25
41.735,25
41.792,25
41.792,25
41.845,25
41.845,25
41.899,25
41.899,25
41.899,25
41.958,25
41.958,25
42.012,25
42.012,25
42.066,25
42.066,25
42.068,25
42.124,25
42.124,25
42.178,25
42.178,25
42.233,25
42.233,25
42.287,25
42.287,25
42.287,25
42.348,25
42.348,25
42.401,25
42.401,25
42.456,25
42.456,25
42.456,25
42.51,25
42.51,25
42.564,25
42.564,25
42.622,25
42.622,25
42.622,25
42.676,25
42.676,25
42.73,25
42.73,25
42.79,25
42.79,25
42.79,25
42.845,25
42.845,25
42.899,25
42.899,25
42.953,25
42.953,25
43.009,25
43.009,25
43.009,25
43.062,25
43.062,25
43.115,25
43.115,25
43.169,25
43.169,25
43.224,25
43.224,25
43.224,25
43.278,25
43.278,25
43.332,25
43.332,25
43.391,25
43.391,25
43.446,25
43.446,25
43.446,25
43.499,25
43.499,25
43.552,25
43.552,25
43.608,25
43.608,25
43.61,25
43.664,25
43.664,25
43.717,25
43.717,25
43.773,25
43.773,25
43.827,25
43.827,25
43.827,25
43.88,25
43.88,25
43.935,25
43.935,25
43.992,25
43.992,25
43.993,25
44.047,25
44.047,25
44.1,25
44.1,25
44.157,25
44.157,25
44.213,25
44.213,25
44.213,25
44.267,25
44.267,25
44.323,25
44.323,25
44.38,25
44.38,25
44.38,25
44.434,25
44.434,25
44.489,25
44.489,25
44.544,25
44.544,25
44.597,25
44.597,25
44.597,25
44.65,25
44.65,25
44.704,25
44.704,25
44.758,25
44.758,25
44.811,25
44.811,25
44.811,25
44.864,25
44.864,25
44.919,25
44.919,25
44.975,25
44.975,25
45.028,25
45.028,25
45.082,25
45.082,25
45.082,25
45.137,25
45.137,25
45.194,25
45.194,25
45.248,25
45.248,25
45.248,25
45.301,25
45.301,25
45.357,25
45.357,25
45.411,25
45.411,25
45.465,25
45.518,25
45.574,25
45.574,25
45.629,25
45.629,25
45.629,25
45.683,25
45.683,25
45.736,25
45.736,25
45.794,25
45.794,25
45.794,25
45.847,25
45.847,25
45.9,25
45.9,25
45.956,25
45.956,25
46.01,25
46.01,25
46.01,25
46.063,25
46.063,25
46.116,25
46.116,25
46.172,25
46.172,25
46.226,25
46.226,25
46.226,25
46.279,25
46.279,25
46.333,25
46.333,25
46.39,25
46.39,25
46.444,25
46.444,25
46.444,25
46.497,25
46.497,25
46.55,25
46.55,25
46.605,25
46.605,25
46.658,25
46.658,25
46.658,25
46.711,25
46.711,25
46.766,25
46.766,25
46.822,25
46.822,25
46.877,25
46.877,25
46.93,25
46.93,25
46.93,25
46.985,25
46.985,25
47.039,25
47.039,25
47.093,25
47.093,25
47.146,25
47.146,25
47.146,25
47.199,25
47.199,25
47.254,25
47.254,25
47.309,25
47.309,25
47.362,25
47.362,25
47.362,25
47.415,25
47.415,25
47.468,25
47.468,25
47.524,25
47.524,25
47.578,25
47.578,25
47.578,25
47.633,25
47.633,25
47.689,25
47.689,25
47.743,25
47.743,25
47.743,25
47.797,25
47.797,25
47.852,25
47.852,25
47.908,25
47.908,25
47.962,25
47.962,25
47.962,25
48.016,25
48.016,25
48.069,25
48.069,25
48.124,25
48.124,25
48.178,25
48.178,25
48.178,25
48.233,25
48.233,25
48.29,25
48.29,25
48.345,25
48.345,25
48.345,25
48.398,25
48.398,25
48.452,25
48.452,25
48.51,25
48.51,25
48.564,25
48.564,25
48.566,25
48.619,25
48.619,25
48.674,25
48.674,25
48.728,25
48.728,25
48.786,25
48.786,25
48.786,25
48.843,25
48.843,25
48.896,25
48.896,25
48.951,25
48.951,25
48.951,25
49.006,25
49.006,25
49.059,25
49.059,25
49.113,25
49.113,25
49.167,25
49.167,25
49.167,25
49.223,25
49.223,25
49.277,25
49.277,25
49.331,25
49.331,25
49.39,25
49.39,25
49.39,25
49.444,25
49.444,25
49.498,25
49.498,25
49.551,25
49.551,25
49.551,25
49.605,25
49.605,25
49.658,25
49.658,25
49.711,25
49.711,25
49.711,25
49.764,25
49.764,25
49.818,25
49.818,25
49.873,25
49.873,25
49.927,25
49.927,25
49.928,25
49.985,25
49.985,25
50.039,25
50.039,25
50.094,25
50.094,25
50.148,25
50.148,25
50.15,25
50.203,25
50.203,25
50.258,25
50.258,25
50.312,25
50.312,25
50.365,25
50.365,25
50.367,25
50.419,25
50.419,25
50.476,25
50.476,25
50.53,25
50.53,25
50.59,25
50.59,25
50.59,25
50.646,25
50.646,25
50.7,25
50.7,25
50.702,25
50.757,25
50.757,25
50.812,25
50.812,25
50.865,25
50.865,25
50.918,25
50.918,25
50.918,25
50.973,25
50.973,25
51.027,25
51.027,25
51.081,25
51.081,25
51.135,25
51.135,25
51.135,25
51.191,25
51.191,25
51.246,25
51.246,25
51.299,25
51.299,25
51.353,25
51.353,25
51.353,25
51.409,25
51.409,25
51.463,25
51.463,25
51.517,25
51.517,25
51.517,25
51.572,25
51.572,25
51.627,25
51.627,25
51.681,25
51.681,25
51.734,25
51.734,25
51.791,25
51.791,25
51.791,25
51.846,25
51.846,25
51.899,25
51.899,25
51.952,25
51.952,25
52.011,25
52.011,25
52.011,25
52.065,25
52.065,25
52.119,25
52.119,25
52.176,25
52.176,25
52.176,25
52.23,25
52.23,25
52.284,25
52.284,25
52.336,25
52.336,25
52.392,25
52.392,25
52.392,25
52.445,25
52.445,25
52.5,25
52.5,25
52.556,25
52.556,25
52.558,25
52.611,25
52.611,25
52.665,25
52.665,25
52.719,25
52.719,25
52.775,25
52.775,25
52.775,25
52.829,25
52.829,25
52.882,25
52.882,25
52.935,25
52.935,25
52.991,25
52.991,25
52.991,25
53.045,25
53.045,25
53.098,25
53.098,25
53.152,25
53.152,25
53.207,25
53.207,25
53.207,25
53.26,25
53.26,25
53.313,25
53.313,25
53.367,25
53.367,25
53.422,25
53.422,25
53.476,25
53.476,25
53.476,25
53.529,25
53.529,25
53.582,25
53.582,25
53.635,25
53.635,25
53.691,25
53.691,25
53.691,25
53.744,25
53.744,25
53.797,25
53.797,25
53.85,25
53.85,25
53.905,25
53.905,25
53.905,25
53.959,25
53.959,25
54.013,25
54.013,25
54.066,25
54.066,25
54.119,25
54.119,25
54.177,25
54.177,25
54.177,25
54.23,25
54.23,25
54.284,25
54.284,25
54.338,25
54.338,25
54.341,25
54.396,25
54.396,25
54.449,25
54.449,25
54.503,25
54.503,25
54.557,25
54.557,25
54.557,25
54.61,25
54.61,25
54.664,25
54.664,25
54.72,25
54.72,25
54.725,25
54.779,25
54.779,25
54.832,25
54.832,25
54.887,25
54.887,25
54.943,25
54.943,25
54.943,25
54.997,25
54.997,25
55.052,25
55.052,25
55.106,25
55.106,25
55.159,25
55.159,25
55.159,25
55.212,25
55.212,25
55.266,25
55.266,25
55.32,25
55.32,25
55.377,25
55.377,25
55.377,25
55.431,25
55.431,25
55.485,25
55.485,25
55.539,25
55.539,25
55.593,25
55.593,25
55.593,25
55.648,25
55.648,25
55.702,25
55.702,25
55.758,25
55.758,25
55.76,25
55.813,25
55.813,25
55.866,25
55.866,25
55.922,25
55.922,25
55.976,25
55.976,25
55.976,25
56.03,25
56.03,25
56.083,25
56.083,25
56.139,25
56.139,25
56.192,25
56.192,25
56.192,25
56.247,25
56.247,25
56.3,25
56.3,25
56.354,25
56.354,25
56.41,25
56.41,25
56.41,25
56.464,25
56.464,25
56.519,25
56.519,25
56.575,25
56.575,25
56.576,25
56.629,25
56.629,25
56.682,25
56.682,25
56.737,25
56.737,25
56.795,25
56.795,25
56.849,25
56.849,25
56.849,25
56.902,25
56.902,25
56.957,25
56.957,25
57.011,25
57.011,25
57.064,25
57.064,25
57.064,25
57.118,25
57.118,25
57.178,25
57.178,25
57.233,25
57.233,25
57.233,25
57.288,25
57.288,25
57.341,25
57.341,25
57.395,25
57.395,25
57.448,25
57.448,25
57.448,25
57.501,25
57.501,25
57.556,25
57.556,25
57.61,25
57.61,25
57.663,25
57.663,25
57.663,25
57.716,25
57.716,25
57.774,25
57.774,25
57.829,25
57.829,25
57.829,25
57.883,25
57.883,25
57.936,25
57.936,25
57.993,25
57.993,25
58.046,25
58.046,25
58.046,25
58.101,25
58.101,25
58.156,25
58.156,25
58.211,25
58.211,25
58.264,25
58.264,25
58.317,25
58.317,25
58.317,25
58.373,25
58.373,25
58.427,25
58.427,25
58.48,25
58.48,25
58.534,25
58.534,25
58.534,25
58.589,25
58.589,25
58.642,25
58.642,25
58.697,25
58.697,25
58.75,25
58.75,25
58.75,25
58.803,25
58.803,25
58.86,25
58.86,25
58.914,25
58.914,25
58.916,25
58.974,25
58.974,25
59.027,25
59.027,25
59.08,25
59.08,25
59.133,25
59.133,25
59.133,25
59.189,25
59.189,25
59.243,25
59.243,25
59.297,25
59.297,25
59.351,25
59.351,25
59.351,25
59.407,25
59.407,25
59.461,25
59.461,25
59.515,25
59.515,25
59.516,25
59.574,25
59.574,25
59.628,25
59.628,25
59.681,25
59.681,25
59.735,25
59.735,25
59.735,25
59.793,25
59.793,25
59.846,25
59.846,25
59.899,25
59.899,25
59.899,25
59.956,25
59.956,25
60.01,25
60.01,25
60.063,25
60.063,25
60.117,25
60.117,25
60.174,25
60.174,25
60.174,25
60.229,25
60.229,25
60.282,25
60.282,25
60.335,25
60.335,25
60.389,25
60.389,25
60.389,25
60.442,25
60.442,25
60.496,25
60.496,25
60.55,25
60.55,25
60.606,25
60.606,25
60.606,25
60.66,25
60.66,25
60.713,25
60.713,25
60.773,25
60.773,25
60.773,25
60.828,25
60.828,25
60.882,25
60.882,25
60.935,25
60.935,25
60.989,25
60.989,25
60.989,25
61.043,25
61.043,25
61.097,25
61.097,25
61.151,25
61.151,25
61.206,25
61.206,25
61.206,25
61.262,25
61.262,25
61.316,25
61.316,25
61.374,25
61.374,25
61.374,25
61.428,25
61.428,25
61.481,25
61.481,25
61.535,25
61.535,25
61.589,25
61.589,25
61.642,25
61.642,25
61.642,25
61.695,25
61.695,25
61.749,25
61.749,25
61.802,25
61.802,25
61.859,25
61.859,25
61.859,25
61.912,25
61.912,25
61.966,25
61.966,25
62.021,25
62.021,25
62.076,25
62.076,25
62.076,25
62.13,25
62.13,25
62.184,25
62.184,25
62.24,25
62.24,25
62.242,25
62.295,25
62.295,25
62.35,25
62.35,25
62.405,25
62.405,25
62.46,25
62.46,25
62.46,25
62.515,25
62.515,25
62.568,25
62.568,25
62.622,25
62.622,25
62.623,25
62.677,25
62.677,25
62.731,25
62.731,25
62.784,25
62.784,25
62.838,25
62.838,25
62.841,25
62.895,25
62.895,25
62.949,25
62.949,25
63.004,25
63.004,25
63.061,25
63.061,25
63.061,25
63.115,25
63.115,25
63.173,25
63.173,25
63.227,25
63.227,25
63.229,25
63.283,25
63.283,25
63.338,25
63.338,25
63.394,25
63.394,25
63.448,25
63.448,25
63.448,25
63.502,25
63.502,25
63.559,25
63.559,25
63.614,25
63.614,25
63.614,25
63.668,25
63.668,25
63.724,25
63.724,25
63.778,25
63.778,25
63.831,25
63.831,25
63.831,25
63.885,25
63.885,25
63.941,25
63.941,25
63.995,25
63.995,25
64.048,25
64.048,25
64.048,25
64.102,25
64.102,25
64.159,25
64.159,25
64.213,25
64.213,25
64.213,25
64.268,25
64.268,25
64.322,25
64.322,25
64.376,25
64.376,25
64.429,25
64.429,25
64.429,25
64.483,25
64.483,25
64.536,25
64.536,25
64.592,25
64.592,25
64.647,25
64.647,25
64.647,25
64.701,25
64.701,25
64.757,25
64.757,25
64.811,25
64.811,25
64.864,25
64.864,25
64.919,25
64.919,25
64.919,25
64.974,25
64.974,25
65.029,25
65.029,25
65.082,25
65.082,25
65.084,25
65.139,25
65.139,25
65.194,25
65.194,25
65.247,25
65.247,25
65.301,25
65.301,25
65.301,25
65.356,25
65.356,25
65.41,25
65.41,25
65.464,25
65.464,25
65.518,25
65.518,25
65.518,25
65.574,25
65.574,25
65.627,25
65.627,25
65.682,25
65.682,25
65.684,25
65.737,25
65.737,25
65.792,25
65.792,25
65.847,25
65.847,26
65.902,26
65.902,26
65.902,26
65.959,26
65.959,26
66.013,26
66.013,26
66.068,26
66.068,26
66.068,26
66.125,26
66.125,26
66.179,26
66.179,26
66.233,26
66.233,26
66.288,26
66.288,26
66.288,26
66.342,26
66.342,26
66.396,26
66.396,26
66.45,26
66.45,26
66.452,26
66.508,26
66.508,26
66.568,26
66.568,26
66.622,26
66.622,26
66.676,26
66.676,26
66.676,26
66.73,26
66.73,26
66.783,26
66.783,26
66.84,26
66.84,26
66.894,26
66.894,26
66.894,26
66.949,26
66.949,26
67.002,26
67.002,26
67.057,26
67.057,26
67.058,26
67.111,26
67.111,26
67.166,26
67.166,26
67.219,26
67.219,26
67.275,26
67.275,26
67.275,26
73.065,26
77.987,6
77.987,26
78.044,26
78.044,26
78.044,26
78.11,26
78.11,26
78.112,26
78.17,26
78.17,26
78.232,26
78.232,26
78.293,26
78.293,26
78.293,26
78.359,26
78.359,26
78.361,26
78.419,26
78.419,26
78.476,26
78.476,26
78.478,26
78.543,26
78.543,26
78.612,26
78.612,26
78.612,26
78.673,26
78.673,26
78.673,26
78.736,26
78.736,26
78.792,26
78.792,26
78.792,26
78.845,26
78.845,26
78.899,26
78.899,26
78.953,26
78.953,26
79.009,26
79.009,26
79.009,26
79.063,26
79.063,26
79.116,26
79.116,26
79.175,26
79.175,26
79.177,26
79.231,26
79.231,26
79.286,26
79.286,26
79.342,26
79.342,26
79.342,26
79.397,26
79.397,26
79.451,26
79.451,26
79.508,26
79.508,26
79.569,26
79.569,26
79.569,26
79.625,26
79.625,26
79.68,26
79.68,26
79.786,26
79.786,26
79.841,26
79.841,26
79.841,26
79.896,26
79.896,26
79.951,26
79.951,26
80.008,26
80.008,26
80.062,26
80.062,26
80.062,26
80.116,26
80.116,26
80.175,26
80.175,26
80.23,26
80.23,26
80.23,26
80.285,26
80.285,26
80.341,26
80.341,26
80.396,26
80.396,26
80.397,26
80.452,26
80.452,26
80.508,26
80.508,26
80.567,26
80.567,26
80.567,26
80.62,26
80.62,26
80.675,26
80.675,26
80.729,26
80.729,26
80.783,26
80.783,26
80.783,26
80.838,26
80.838,26
80.894,26
80.894,26
80.948,26
80.948,26
80.95,26
81.004,26
81.004,26
81.06,26
81.06,26
81.114,26
81.114,26
81.175,26
81.175,26
81.175,26
81.23,26
81.23,26
81.284,26
81.284,26
81.285,26
81.341,26
81.341,26
81.395,26
81.395,26
81.449,26
81.449,26
81.503,26
81.503,26
81.503,26
81.559,26
81.559,26
81.614,26
81.614,26
81.669,26
81.669,26
81.723,26
81.723,26
81.725,26
81.779,26
81.779,26
81.833,26
81.833,26
81.888,26
81.888,26
81.944,26
81.944,26
81.944,26
81.997,26
81.997,26
82.051,26
82.051,26
82.108,26
82.108,26
82.11,26
82.175,26
82.175,26
82.229,26
82.229,26
82.334,26
82.334,26
82.388,26
82.388,26
82.391,26
82.445,26
82.445,26
82.499,26
82.499,26
82.555,26
82.555,26
82.61,26
82.61,26
82.61,26
82.664,26
82.664,26
82.719,26
82.719,26
82.775,26
82.775,26
82.775,26
90.663,6
90.663,26
90.717,26
90.717,26
90.772,26
90.772,26
90.828,26
90.828,26
90.828,26
90.881,26
90.881,26
90.936,26
90.936,26
90.992,26
90.992,26
91.048,26
91.048,26
91.048,26
91.101,26
91.101,26
91.16,26
91.16,26
91.213,26
91.213,26
91.215,26
91.27,26
91.27,26
91.325,26
91.325,26
91.381,26
91.381,26
91.382,26
91.436,26
91.436,26
91.49,26
91.49,26
91.544,26
91.544,26
91.599,26
91.599,26
91.599,26
91.652,26
91.652,26
91.707,26
91.707,26
91.763,26
91.763,26
91.818,26
91.818,26
91.818,26
91.872,26
91.872,26
91.933,26
91.933,26
91.935,26
91.989,26
91.989,26
92.043,26
92.043,26
92.097,26
92.097,26
92.151,26
92.151,26
92.151,26
92.208,26
92.208,26
92.262,26
92.262,26
92.317,26
92.317,26
92.319,26
92.376,26
92.482,26
92.482,26
92.482,26
92.536,26
92.536,26
92.591,26
92.591,26
92.645,26
92.645,26
92.699,26
92.699,26
92.754,26
92.754,26
92.754,26
92.811,26
92.811,26
92.865,26
92.865,26
92.919,26
92.919,26
92.919,26
92.976,26
92.976,26
93.03,26
93.03,26
93.084,26
93.084,26
93.144,26
93.144,26
93.144,26
93.199,26
93.199,26
93.253,26
93.253,26
93.254,26
93.312,26
93.312,26
93.367,26
93.367,26
93.422,26
93.422,26
93.428,26
93.484,26
93.484,26
93.543,26
93.543,26
93.547,26
93.601,26
93.601,26
93.655,26
93.655,26
93.714,26
93.714,26
93.714,26
93.769,26
93.769,26
93.825,26
93.825,26
93.88,26
93.88,26
93.88,26
93.934,26
93.934,26
93.988,26
93.988,26
94.043,26
94.043,26
94.098,26
94.098,26
94.098,26
94.152,26
94.152,26
94.212,26
94.212,26
94.266,26
94.266,26
94.268,26
94.326,26
94.326,26
94.379,26
94.379,26
94.434,26
94.434,26
94.487,26
94.487,26
94.487,26
94.546,26
94.546,26
94.602,26
94.602,26
94.657,26
94.657,26
94.657,26
94.711,26
94.711,26
94.765,26
94.765,26
94.82,26
94.82,26
94.821,26
94.877,26
94.877,26
94.932,26
94.986,26
95.043,26
95.043,26
95.098,26
95.098,26
95.153,26
95.153,26
95.153,26
95.209,26
95.209,26
95.262,26
95.262,26
95.316,26
95.316,26
95.37,26
95.37,26
95.37,26
95.427,26
95.427,26
95.481,26
95.481,26
95.536,26
95.536,26
95.536,26
95.592,26
95.592,26
95.645,26
95.645,26
95.699,26
95.699,26
155.868,25
155.868,25
155.925,25
155.925,25
155.982,25
155.982,25
155.982,25
156.036,25
156.036,25
156.09,25
156.09,25
156.147,25
156.147,25
156.147,25
156.202,25
156.202,25
156.255,25
156.255,25
156.309,25
156.309,25
156.366,25
156.366,25
156.366,25
156.42,25
156.42,25
156.474,25
156.474,25
156.534,25
156.534,25
156.534,25
156.587,25
156.587,25
156.643,25
156.643,25
156.698,25
156.698,25
156.698,25
156.753,25
156.753,25
156.807,25
156.807,25
156.865,25
156.865,25
156.866,25
156.92,25
156.92,25
156.973,25
156.973,25
157.031,25
157.031,25
157.085,25
157.085,25
157.087,25
157.14,25
157.14,25
157.198,25
157.198,25
157.253,25
157.253,25
157.308,25
157.308,25
157.308,25
157.364,25
157.364,25
157.419,25
157.419,25
157.473,25
157.473,25
157.473,25
157.53,25
157.53,25
157.585,25
157.585,25
157.639,25
157.639,25
157.641,25
157.697,25
157.697,25
157.75,25
157.75,25
157.805,25
157.805,25
157.869,25
157.869,25
157.869,25
157.928,25
157.928,25
157.93,25
157.986,25
157.986,25
158.041,25
158.041,25
158.096,25
158.096,25
158.096,25
158.15,25
158.15,25
158.204,25
158.204,25
158.259,25
158.259,25
158.315,25
158.315,25
158.315,25
158.369,25
158.369,25
158.424,25
158.424,25
158.48,25
158.48,25
158.48,25
158.534,25
158.534,25
158.588,25
158.588,25
158.642,25
158.642,25
158.695,25
158.695,25
158.695,25
158.75,25
158.75,25
158.804,25
158.804,25
158.859,25
158.859,25
158.916,25
158.916,25
158.918,25
158.971,25
158.971,25
159.025,25
159.025,25
159.081,25
159.081,25
159.136,25
159.136,25
159.136,25
159.191,25
159.191,25
159.247,25
159.247,25
159.302,25
159.302,25
159.302,25
159.357,25
159.357,25
159.414,25
159.414,25
159.467,25
159.467,25
159.521,25
159.521,25
159.521,25
159.576,25
159.576,25
159.63,25
159.63,25
159.684,25
159.684,25
159.686,25
159.74,25
159.74,25
159.796,25
159.796,25
159.85,25
159.85,25
159.905,25
159.905,25
159.905,25
159.961,25
159.961,25
160.015,25
160.015,25
160.07,25
160.07,25
160.07,25
160.124,25
160.124,25
160.182,25
160.182,25
160.237,25
160.237,25
160.238,25
160.293,25
160.293,25
160.347,25
160.347,25
160.401,25
160.401,25
160.455,25
160.455,25
160.509,25
160.509,25
160.509,25
160.563,25
160.563,25
160.617,25
160.617,25
160.67,25
160.67,25
160.726,25
160.726,25
160.726,25
235.153,25
235.153,25
235.153,25
235.215,25
235.215,25
235.275,25
235.275,25
235.275,25
235.333,25
235.333,25
235.399,25
235.399,25
235.399,25
235.465,25
235.465,25
235.465,25
235.523,25
235.523,25
235.582,25
235.582,25
235.582,25
235.649,25
235.649,25
235.649,25
235.71,25
235.71,25
235.768,25
235.768,25
235.834,25
235.834,25
235.834,25
235.9,25
235.9,25
235.9,25
235.961,25
235.961,25
236.023,25
236.023,25
236.023,25
236.082,25
236.082,25
236.084,25
236.15,25
236.15,25
236.205,25
236.205,25
236.205,25
236.26,25
236.26,25
236.316,25
236.316,25
236.37,25
236.37,25
236.372,25
236.427,25
236.427,25
236.481,25
236.481,25
236.535,25
236.535,25
236.589,25
236.589,25
236.589,25
236.643,25
236.643,25
236.698,25
236.698,25
236.753,25
236.753,25
236.807,25
236.807,25
236.807,25
236.864,25
236.864,25
236.918,25
236.918,25
236.973,25
236.973,25
236.973,25
237.028,25
237.028,25
237.085,25
237.085,25
237.139,25
237.139,25
237.139,25
237.198,25
237.198,25
237.255,25
237.255,25
237.315,25
237.315,25
237.315,25
237.381,25
237.381,25
237.44,25
237.44,25
237.44,25
237.497,25
237.497,25
237.551,25
237.551,25
237.555,25
237.608,25
237.608,25
